G3por,school,sex,age,address,famsize,Pstatus,Medu,Fedu,traveltime,studytime,failures,schoolsup,famsup,paid,activities,nursery,higher,internet,romantic,famrel,freetime,goout,Dalc,Walc,health,absences
13,0,0,15,0,0,1,1,1,2,4,1,1,1,1,1,1,1,1,0,3,1,2,1,1,1,2
11,0,0,15,0,0,1,1,1,1,2,2,1,1,0,0,0,1,1,1,3,3,4,2,4,5,2
12,0,0,15,0,0,1,2,2,1,1,0,1,1,1,1,1,1,0,0,4,3,1,1,1,2,8
10,0,0,15,0,0,1,2,4,1,3,0,1,1,1,1,1,1,1,0,4,3,2,1,1,5,2
13,0,0,15,0,0,1,3,3,2,3,2,0,1,1,1,1,1,1,1,4,2,1,2,3,3,8
12,0,0,15,0,0,1,3,4,1,3,0,1,1,1,1,1,1,1,0,4,3,2,1,1,5,2
12,0,0,15,0,0,1,3,4,2,3,2,0,1,0,0,1,1,1,1,4,2,2,2,2,5,0
11,0,0,15,0,1,1,2,2,2,2,0,1,1,1,0,1,1,1,0,4,1,3,1,3,4,2
15,0,0,15,0,1,1,3,1,2,4,0,0,1,0,0,0,1,1,0,4,4,2,2,3,3,12
10,0,0,15,1,0,0,3,3,1,4,0,1,0,0,0,1,1,0,0,4,3,3,1,1,4,10
15,0,0,15,1,0,0,4,3,1,2,0,0,1,1,1,1,1,1,0,4,3,2,1,1,1,0
13,0,0,15,1,0,1,1,1,3,1,0,0,1,0,1,0,1,1,1,4,3,3,1,2,4,0
12,0,0,15,1,0,1,1,1,1,2,0,0,1,0,1,0,1,1,0,4,3,2,2,3,4,2
12,0,0,15,1,0,1,1,1,1,2,0,0,1,1,0,1,1,1,0,4,4,2,1,2,5,0
13,0,0,15,1,0,1,1,2,1,2,0,0,1,1,0,0,1,1,0,4,3,2,1,1,5,2
14,0,0,15,1,0,1,1,2,1,2,0,0,0,0,0,0,1,1,0,3,2,3,1,2,1,2
13,0,0,15,1,0,1,2,1,3,3,0,0,1,0,1,1,1,1,0,5,2,2,1,1,4,4
10,0,0,15,1,0,1,2,2,1,4,0,1,1,1,0,1,1,1,0,5,1,2,1,1,3,8
11,0,0,15,1,0,1,2,3,2,1,0,0,1,0,1,1,1,0,0,3,5,1,1,1,5,0
11,0,0,15,1,0,1,3,2,1,2,3,0,1,0,0,1,1,1,0,3,3,2,1,1,3,0
10,0,0,15,1,0,1,3,2,2,2,0,1,1,1,0,1,1,1,0,4,3,5,1,1,2,26
14,0,0,15,1,0,1,4,2,1,3,0,0,1,1,1,1,1,1,1,3,2,2,1,1,5,2
15,0,0,15,1,0,1,4,2,1,3,0,0,1,0,1,1,1,1,0,5,3,3,1,3,1,4
13,0,0,15,1,0,1,4,3,1,1,0,0,0,1,1,1,1,1,0,4,5,5,1,3,1,4
15,0,0,15,1,0,1,4,4,1,3,0,0,1,0,1,1,1,1,1,4,3,3,1,1,5,0
12,0,0,15,1,0,1,4,4,1,1,0,1,1,1,0,1,1,1,0,3,3,4,2,3,5,0
12,0,0,15,1,0,1,4,4,2,2,2,0,0,1,0,1,1,1,1,4,4,4,2,3,5,6
12,0,0,15,1,0,1,4,4,1,2,1,1,1,0,1,0,1,1,0,4,4,4,1,1,3,2
14,0,0,15,1,0,1,4,4,1,2,0,0,1,1,0,1,1,1,0,3,3,3,1,2,2,0
13,0,0,15,1,0,1,4,4,1,3,0,0,1,1,1,1,1,1,0,4,2,2,1,1,5,2
14,0,0,15,1,0,1,4,4,2,1,0,0,0,0,1,1,1,1,0,4,3,2,1,1,5,0
13,0,0,15,1,1,0,3,3,1,1,0,0,0,1,0,1,1,1,0,5,3,4,4,4,1,6
11,0,0,15,1,1,0,3,4,1,2,0,1,0,0,1,1,1,1,1,5,3,2,1,1,1,0
11,0,0,15,1,1,0,4,3,1,2,0,1,1,1,1,1,1,1,1,5,2,2,1,1,5,8
12,0,0,15,1,1,1,1,1,1,2,3,1,0,1,0,1,1,1,0,4,3,2,2,3,3,10
11,0,0,15,1,1,1,3,2,1,2,0,0,1,1,0,1,1,1,0,4,4,4,1,1,5,10
16,0,0,15,1,1,1,4,2,1,2,0,0,1,1,0,1,1,1,0,4,3,3,1,1,5,2
12,0,0,15,1,1,1,4,3,1,2,0,1,0,0,1,1,1,1,1,4,4,4,2,4,2,0
13,0,0,16,0,0,1,2,2,2,4,0,0,1,1,1,0,1,1,0,5,3,5,1,1,5,6
11,0,0,16,0,0,1,3,3,1,3,1,1,1,0,1,1,1,1,0,4,1,2,1,1,2,0
16,0,0,16,0,0,1,4,4,1,2,0,0,1,0,1,1,1,0,0,2,4,4,2,3,4,6
12,0,0,16,1,0,0,2,1,1,2,0,0,0,1,1,1,1,1,1,5,3,4,1,1,2,8
13,0,0,16,1,0,0,2,2,1,2,0,1,1,1,0,1,1,1,0,3,3,4,1,1,4,0
12,0,0,16,1,0,0,3,1,1,2,3,0,1,1,0,1,1,1,0,2,3,3,2,2,4,5
10,0,0,16,1,0,0,3,3,2,1,2,0,1,0,1,0,1,1,1,4,3,2,1,1,5,0
14,0,0,16,1,0,0,3,4,1,1,0,0,0,0,0,1,1,1,0,3,2,1,1,4,5,16
13,0,0,16,1,0,1,1,1,2,1,0,0,1,1,0,1,1,0,0,4,3,2,1,4,5,6
16,0,0,16,1,0,1,1,1,4,1,0,1,1,0,1,0,1,1,1,5,5,5,5,5,5,6
13,0,0,16,1,0,1,1,3,1,2,3,0,0,0,1,0,1,1,1,4,3,5,1,1,3,0
12,0,0,16,1,0,1,2,1,1,2,0,0,1,1,0,1,1,0,1,4,3,5,1,1,5,2
10,0,0,16,1,0,1,2,1,1,1,0,0,0,0,0,1,1,1,1,4,5,2,1,1,5,20
10,0,0,16,1,0,1,2,2,1,2,1,1,0,0,1,1,1,1,0,3,1,2,1,1,5,6
13,0,0,16,1,0,1,2,2,1,2,0,0,1,1,0,0,1,1,0,5,1,5,1,1,4,0
11,0,0,16,1,0,1,2,2,1,2,0,0,0,1,0,1,1,1,1,5,4,4,1,1,5,0
13,0,0,16,1,0,1,2,2,1,4,0,0,0,1,0,1,1,1,1,5,2,3,1,3,3,0
14,0,0,16,1,0,1,2,2,2,2,0,0,0,1,1,0,1,1,0,3,4,4,1,4,5,2
12,0,0,16,1,0,1,2,2,1,1,2,0,1,1,0,0,1,1,0,1,2,2,1,3,5,14
12,0,0,16,1,0,1,2,3,1,2,0,1,1,1,1,1,1,0,0,4,4,3,1,3,4,6
13,0,0,16,1,0,1,2,3,1,2,0,0,0,0,0,1,1,1,0,4,3,3,1,1,2,10
14,0,0,16,1,0,1,2,3,1,2,0,1,0,0,0,1,1,1,0,2,3,1,1,1,3,2
10,0,0,16,1,0,1,3,1,1,4,0,1,1,1,0,1,1,1,0,4,3,3,1,2,5,4
16,0,0,16,1,0,1,3,2,1,2,0,0,1,1,0,1,1,1,0,1,2,2,1,2,1,14
13,0,0,16,1,0,1,3,3,1,2,0,0,1,1,0,1,1,0,0,4,3,2,1,2,5,4
11,0,0,16,1,0,1,3,3,1,3,0,0,1,1,0,1,1,1,1,4,3,3,1,3,4,0
14,0,0,16,1,0,1,3,3,3,2,0,1,1,0,1,1,1,0,0,5,3,2,1,1,4,4
11,0,0,16,1,0,1,3,3,1,2,0,1,1,1,1,1,1,1,0,4,3,3,2,4,5,54
11,0,0,16,1,0,1,3,4,1,2,0,0,1,0,0,1,1,1,0,2,4,3,1,2,3,12
18,0,0,16,1,0,1,4,2,1,2,0,0,0,1,0,1,1,1,1,4,2,3,1,1,3,0
16,0,0,16,1,0,1,4,2,1,2,0,0,1,0,0,1,1,1,0,4,2,3,1,1,5,2
14,0,0,16,1,0,1,4,2,2,2,0,0,1,1,1,1,1,1,0,5,3,3,1,1,1,0
15,0,0,16,1,0,1,4,3,1,2,0,0,1,0,1,1,1,1,0,4,3,5,1,5,2,2
13,0,0,16,1,0,1,4,3,1,3,0,1,1,1,0,1,1,1,0,5,3,5,1,1,3,0
13,0,0,16,1,0,1,4,3,1,3,0,1,1,1,1,1,1,1,0,3,4,4,2,4,4,2
15,0,0,16,1,0,1,4,3,1,2,0,0,0,1,1,1,1,1,1,1,3,2,1,1,1,10
17,0,0,16,1,0,1,4,4,1,2,0,0,1,1,0,1,1,1,1,4,4,2,1,1,3,0
17,0,0,16,1,0,1,4,4,1,1,0,0,1,0,0,1,1,1,0,4,4,4,1,2,2,4
13,0,0,16,1,0,1,4,4,1,1,0,0,0,0,1,0,1,1,0,5,3,4,1,2,1,6
14,0,0,16,1,0,1,4,4,1,3,0,0,1,1,1,1,1,1,0,3,2,3,1,2,2,6
16,0,0,16,1,0,1,4,4,1,3,0,0,1,0,1,0,1,1,0,5,3,2,1,1,5,0
13,0,0,16,1,1,0,3,3,1,2,0,0,1,0,0,1,1,1,0,2,3,5,1,4,3,12
11,0,0,16,1,1,1,1,1,1,1,0,0,0,0,0,1,1,1,0,3,4,4,3,3,1,2
10,0,0,16,1,1,1,1,2,1,2,0,1,0,0,1,1,1,1,0,4,4,3,1,1,1,4
11,0,0,16,1,1,1,2,2,1,2,0,0,1,0,0,1,1,0,0,4,3,4,1,2,2,4
11,0,0,16,1,1,1,2,2,2,2,1,1,0,0,1,1,1,1,0,4,3,3,2,2,5,14
10,0,0,16,1,1,1,2,2,2,2,1,0,1,0,1,0,1,1,1,3,3,3,1,2,3,25
13,0,0,16,1,1,1,2,2,3,2,0,0,1,1,0,1,1,1,0,4,3,3,2,3,4,2
13,0,0,16,1,1,1,2,4,2,2,0,0,1,1,1,1,1,1,1,4,2,2,1,2,5,2
12,0,0,16,1,1,1,3,1,1,2,0,1,1,0,0,1,1,0,0,3,3,3,2,3,2,4
15,0,0,16,1,1,1,3,3,2,2,0,0,1,1,1,1,1,1,0,4,4,5,1,1,4,4
16,0,0,16,1,1,1,4,3,3,2,0,0,1,0,1,1,1,1,0,5,4,3,1,2,1,2
14,0,0,16,1,1,1,4,4,1,3,0,0,1,1,1,1,1,1,1,5,4,5,1,1,4,4
11,0,0,16,1,1,1,4,4,1,2,0,0,1,1,0,1,1,1,0,4,5,2,1,2,3,0
16,0,0,17,0,0,0,3,2,1,2,0,0,1,1,0,1,1,1,0,4,3,3,2,3,2,4
13,0,0,17,0,0,1,2,1,3,2,0,0,0,0,1,1,1,0,0,2,1,1,1,1,3,2
11,0,0,17,0,0,1,2,1,2,2,0,0,1,0,1,1,1,1,0,4,2,5,1,2,5,2
13,0,0,17,0,0,1,2,2,1,1,0,0,1,0,0,1,1,1,0,5,3,2,1,2,3,18
15,0,0,17,0,0,1,2,4,1,3,0,0,1,0,0,1,1,1,1,4,4,3,1,1,5,7
17,0,0,17,0,0,1,3,4,1,3,0,0,1,1,1,0,1,1,0,4,3,4,2,5,5,0
12,0,0,17,0,0,1,4,3,2,3,0,0,1,1,1,1,1,1,1,4,4,2,1,1,4,6
10,0,0,17,0,1,1,2,2,1,3,0,0,1,1,1,1,1,1,0,3,3,2,2,2,3,3
19,0,0,17,0,1,1,3,1,2,4,0,0,1,1,0,1,1,0,0,3,1,2,1,1,3,6
11,0,0,17,0,1,1,4,4,1,1,0,0,1,1,0,1,1,0,0,5,2,1,1,2,3,12
16,0,0,17,1,0,0,2,1,2,3,0,0,0,0,1,1,1,1,1,3,2,3,1,2,3,10
14,0,0,17,1,0,0,2,2,1,2,1,0,1,0,0,1,1,1,1,3,3,1,1,2,4,0
14,0,0,17,1,0,0,3,3,1,2,0,0,1,0,0,0,1,1,1,3,3,3,1,3,3,6
17,0,0,17,1,0,0,4,3,1,2,0,0,1,1,0,1,1,1,1,5,2,2,1,2,5,23
13,0,0,17,1,0,0,4,4,2,2,0,1,1,0,0,1,1,0,0,4,1,4,1,1,1,6
11,0,0,17,1,0,1,1,1,1,2,0,0,1,0,0,0,1,1,0,5,3,3,1,1,3,4
12,0,0,17,1,0,1,1,1,1,3,1,0,1,0,1,1,1,0,1,4,3,4,1,1,5,0
12,0,0,17,1,0,1,1,1,1,2,0,0,0,0,1,1,1,1,0,5,3,3,1,1,3,0
15,0,0,17,1,0,1,1,1,1,2,0,0,1,1,0,0,1,0,0,4,4,4,1,3,1,4
14,0,0,17,1,0,1,1,1,1,3,0,0,1,1,0,1,1,1,0,4,3,3,1,1,3,6
13,0,0,17,1,0,1,2,2,1,3,0,0,1,1,1,1,1,1,0,4,3,3,1,1,4,4
14,0,0,17,1,0,1,2,2,1,2,0,0,1,0,0,0,1,1,0,5,4,5,1,2,5,4
13,0,0,17,1,0,1,2,2,1,2,0,0,1,0,0,1,1,0,1,4,2,2,1,1,3,12
13,0,0,17,1,0,1,2,3,2,1,0,0,1,1,0,1,1,0,0,3,3,3,1,4,3,3
16,0,0,17,1,0,1,2,4,2,2,0,0,1,1,0,1,1,1,1,4,3,3,1,1,1,2
17,0,0,17,1,0,1,2,4,1,2,0,0,1,0,1,1,1,0,0,5,4,2,2,3,5,0
17,0,0,17,1,0,1,3,1,1,3,0,0,1,0,0,0,1,1,0,3,4,3,2,3,5,1
18,0,0,17,1,0,1,3,2,1,4,0,0,1,1,1,0,1,1,0,5,2,2,1,2,5,0
17,0,0,17,1,0,1,3,2,1,2,0,0,0,0,1,0,1,1,0,5,3,4,1,3,3,10
15,0,0,17,1,0,1,3,2,1,2,0,0,1,1,0,1,1,1,1,4,3,2,2,3,2,0
13,0,0,17,1,0,1,3,3,1,3,0,0,0,0,1,0,1,0,0,3,2,3,1,1,4,4
8,0,0,17,1,0,1,3,4,1,3,1,0,1,1,0,1,1,1,1,4,4,3,3,4,5,28
14,0,0,17,1,0,1,3,4,1,3,0,0,0,0,0,1,1,1,0,4,4,5,1,3,5,16
16,0,0,17,1,0,1,4,2,2,3,0,0,1,1,0,1,1,1,0,4,3,3,1,1,3,0
13,0,0,17,1,0,1,4,3,1,3,0,0,1,1,1,1,1,1,1,4,4,3,1,3,4,0
18,0,0,17,1,0,1,4,3,1,3,0,0,1,1,0,1,1,1,0,4,2,2,1,2,3,0
10,0,0,17,1,0,1,4,3,1,2,2,0,0,1,0,1,1,1,1,3,4,5,2,4,1,22
13,0,0,17,1,0,1,4,4,1,1,0,1,1,0,0,1,1,0,1,4,2,1,1,1,4,0
16,0,0,17,1,0,1,4,4,2,1,1,0,1,0,0,1,1,1,0,4,2,4,2,3,2,24
12,0,0,17,1,0,1,4,4,1,3,0,0,1,1,1,1,1,1,0,5,4,4,1,3,4,7
13,0,0,17,1,0,1,4,4,1,3,0,0,1,1,1,1,1,1,0,5,4,4,1,3,4,7
15,0,0,17,1,0,1,4,4,2,3,0,0,1,1,0,0,1,1,1,4,3,3,1,2,4,4
15,0,0,17,1,1,1,0,2,2,3,0,0,0,0,0,1,1,1,0,3,3,3,2,3,2,0
12,0,0,17,1,1,1,2,2,1,1,0,0,1,0,0,1,1,1,1,3,4,4,1,3,5,12
12,0,0,17,1,1,1,2,2,2,2,0,1,1,1,0,1,1,1,1,4,4,4,2,3,5,6
12,0,0,17,1,1,1,2,2,1,4,0,0,0,1,1,1,1,1,1,3,4,1,1,1,2,0
16,0,0,17,1,1,1,2,4,1,2,0,0,0,0,1,1,1,1,1,4,3,2,1,1,5,0
15,0,0,17,1,1,1,3,2,2,2,0,0,0,1,0,1,1,1,0,4,4,4,1,3,1,2
14,0,0,17,1,1,1,3,3,1,2,0,0,1,0,1,1,1,1,1,5,3,3,2,3,1,56
17,0,0,17,1,1,1,4,2,1,4,0,0,1,1,1,1,1,1,0,4,2,3,1,1,4,6
12,0,0,17,1,1,1,4,3,1,2,0,0,0,0,1,1,1,1,1,3,2,3,1,2,3,14
10,0,0,18,0,0,0,3,2,2,2,0,0,0,0,0,0,0,1,1,4,1,1,1,1,5,75
11,0,0,18,0,0,1,1,1,3,1,3,0,1,0,1,0,1,0,0,5,2,5,1,5,4,6
10,0,0,18,0,0,1,2,1,2,2,0,0,1,0,0,1,0,1,1,4,3,5,1,2,3,0
14,0,0,18,0,0,1,2,2,2,4,0,0,0,0,1,1,1,0,0,4,4,4,1,1,4,0
8,0,0,18,0,0,1,3,1,1,2,1,0,0,0,1,1,1,1,1,5,3,3,1,1,4,16
12,0,0,18,0,0,1,4,4,2,2,0,0,0,1,1,1,1,1,0,4,3,4,2,2,4,8
18,0,0,18,0,1,1,1,1,2,4,0,0,1,1,1,1,1,0,0,5,2,2,1,1,3,1
11,0,0,18,1,0,0,4,4,2,2,0,1,0,0,0,1,1,0,0,4,3,4,1,1,3,6
13,0,0,18,1,0,1,1,1,2,2,0,1,0,0,1,1,1,1,0,5,4,4,1,1,4,4
14,0,0,18,1,0,1,1,1,2,2,0,1,0,0,1,1,1,1,0,5,4,4,1,1,4,4
11,0,0,18,1,0,1,2,1,2,3,0,0,1,1,0,0,1,1,1,4,4,4,1,1,3,0
15,0,0,18,1,0,1,2,1,2,2,0,0,1,1,1,1,1,1,0,5,3,3,1,2,1,0
18,0,0,18,1,0,1,2,2,1,3,0,0,1,1,0,1,1,1,0,4,3,3,1,2,2,5
13,0,0,18,1,0,1,2,2,1,3,0,0,1,1,1,1,1,1,1,4,3,3,1,1,3,0
14,0,0,18,1,0,1,2,3,1,3,0,0,1,0,0,1,1,1,0,4,3,3,1,2,3,4
16,0,0,18,1,0,1,2,3,1,4,0,0,1,1,1,1,1,1,1,4,5,5,1,3,2,4
17,0,0,18,1,0,1,3,2,1,3,0,0,0,0,0,1,1,1,1,5,4,3,2,3,1,7
12,0,0,18,1,0,1,3,3,1,2,0,0,0,0,1,1,1,1,0,5,3,4,1,1,4,0
17,0,0,18,1,0,1,4,3,1,3,0,0,1,1,1,1,1,1,1,4,3,4,1,1,5,9
17,0,0,18,1,0,1,4,3,1,4,0,0,1,1,0,1,1,1,0,4,3,3,1,1,3,0
15,0,0,18,1,0,1,4,3,1,2,0,0,1,1,0,1,1,1,1,3,1,2,1,3,2,21
13,0,0,18,1,0,1,4,4,1,2,1,1,1,0,1,1,1,1,1,2,4,4,1,1,4,15
13,0,0,18,1,0,1,4,4,1,2,0,0,1,1,0,1,1,1,0,4,4,4,3,3,5,2
15,0,0,18,1,1,0,4,4,1,2,0,0,1,0,0,1,1,1,1,4,2,4,1,1,4,14
13,0,0,18,1,1,1,1,1,2,2,0,0,1,1,0,0,1,0,0,4,4,3,1,1,3,2
12,0,0,18,1,1,1,2,2,1,2,0,0,0,0,1,0,1,1,1,4,3,3,1,1,2,0
15,0,0,18,1,1,1,3,3,1,4,0,0,1,0,0,1,1,1,0,5,3,3,1,1,1,7
14,0,0,18,1,1,1,4,3,2,2,0,0,1,1,0,1,1,1,1,4,4,5,1,2,2,10
11,0,0,19,1,0,1,0,1,1,2,3,0,1,0,0,0,0,0,0,3,4,2,1,1,5,2
12,0,0,19,1,0,1,3,3,1,4,0,0,1,1,1,1,1,1,0,4,3,3,1,2,3,10
12,0,0,19,1,0,1,3,3,1,2,2,0,1,1,1,1,1,1,0,4,3,5,3,3,5,15
13,0,0,19,1,0,1,4,4,2,2,0,0,1,1,1,1,1,1,0,2,3,4,2,3,2,0
10,0,1,15,0,0,1,2,1,1,2,0,0,0,0,1,1,1,1,1,5,4,2,1,1,5,8
8,0,1,15,0,0,1,2,3,1,2,0,1,0,1,1,1,1,0,0,4,4,4,1,1,1,2
11,0,1,15,0,0,1,3,4,4,2,0,0,1,0,0,1,1,0,1,5,3,3,1,1,5,0
15,0,1,15,0,0,1,4,3,1,2,0,0,1,0,1,1,1,1,1,4,5,2,1,1,5,0
11,0,1,15,0,0,1,4,4,4,4,0,0,1,1,1,1,1,1,1,1,3,5,3,5,1,6
15,0,1,15,1,0,0,2,2,1,3,0,0,1,0,0,1,1,1,1,4,5,2,1,1,3,0
16,0,1,15,1,0,0,3,4,1,2,0,0,1,1,1,1,1,1,0,5,4,4,1,1,1,0
12,0,1,15,1,0,0,4,4,1,4,0,0,1,0,1,0,1,1,1,1,3,3,5,5,3,4
12,0,1,15,1,0,1,2,2,1,1,0,0,1,1,0,1,1,1,0,4,2,2,1,2,5,2
10,0,1,15,1,0,1,2,2,1,1,0,1,1,0,0,1,1,1,0,5,4,1,1,1,1,0
13,0,1,15,1,0,1,2,2,1,4,0,0,1,1,1,1,1,1,0,5,5,4,1,2,5,6
9,0,1,15,1,0,1,2,3,1,3,0,1,0,1,0,0,1,1,0,5,3,2,1,2,5,4
12,0,1,15,1,0,1,2,3,1,1,0,1,1,1,1,0,1,1,1,3,2,2,1,3,3,2
13,0,1,15,1,0,1,3,4,1,2,0,0,1,1,1,1,1,1,0,5,5,1,1,1,5,0
14,0,1,15,1,0,1,3,4,1,1,0,0,0,0,0,1,1,1,0,3,4,3,1,2,4,6
9,0,1,15,1,0,1,3,4,1,1,0,1,0,0,0,1,1,1,0,5,5,5,3,2,5,0
11,0,1,15,1,0,1,4,0,2,4,0,0,0,0,1,1,1,1,0,3,4,3,1,1,1,8
11,0,1,15,1,0,1,4,2,1,1,0,0,0,1,0,1,1,1,0,2,2,4,2,4,1,4
10,0,1,15,1,0,1,4,2,1,4,0,0,0,0,0,1,1,1,0,3,3,3,1,1,3,0
13,0,1,15,1,0,1,4,2,1,2,0,0,1,1,0,1,1,0,0,4,3,3,2,2,5,2
13,0,1,15,1,0,1,4,3,2,2,0,0,1,1,0,1,1,1,0,5,4,3,1,2,3,2
11,0,1,15,1,0,1,4,3,1,2,0,0,1,1,1,1,1,1,0,4,3,3,2,3,5,6
14,0,1,15,1,0,1,4,3,1,2,0,0,0,0,0,1,1,1,0,4,4,1,1,1,1,0
11,0,1,15,1,0,1,4,3,2,4,0,1,1,0,0,1,1,1,0,2,2,2,1,1,3,0
12,0,1,15,1,0,1,4,4,1,1,0,0,1,1,0,1,1,1,0,5,4,2,1,1,5,0
11,0,1,15,1,0,1,4,4,1,2,0,0,1,1,0,0,1,1,0,5,4,2,3,4,5,0
16,0,1,15,1,0,1,4,4,2,2,0,0,1,0,1,1,1,0,0,4,4,3,1,1,2,2
12,0,1,15,1,0,1,4,4,1,1,0,0,1,0,1,0,1,1,0,5,3,3,1,1,5,4
15,0,1,15,1,0,1,4,4,2,2,0,0,1,0,1,1,1,1,0,4,3,1,1,1,5,0
15,0,1,15,1,0,1,4,4,1,2,0,0,1,0,1,1,1,1,0,4,3,3,1,1,5,2
16,0,1,15,1,0,1,4,4,1,2,0,0,1,0,1,1,1,0,0,3,2,2,1,1,5,4
11,0,1,15,1,1,0,2,1,4,1,3,0,0,0,0,1,1,1,0,4,5,5,2,5,5,0
17,0,1,15,1,1,0,3,2,1,2,0,0,1,1,0,1,1,1,0,4,2,2,1,1,1,0
9,0,1,15,1,1,0,4,2,2,1,1,0,0,0,0,1,1,0,0,5,5,5,3,4,5,6
14,0,1,15,1,1,0,4,4,1,1,0,0,0,0,1,1,1,1,0,5,5,3,1,1,4,6
14,0,1,15,1,1,1,1,2,1,2,0,1,1,0,1,1,1,1,0,4,3,2,1,1,5,2
12,0,1,15,1,1,1,2,2,1,4,0,0,1,0,1,1,1,1,0,4,3,4,1,1,4,6
13,0,1,15,1,1,1,2,2,2,2,0,0,0,1,1,1,1,1,0,5,3,3,1,3,4,4
12,0,1,15,1,1,1,3,3,1,2,0,0,0,0,1,0,1,1,0,5,3,2,1,1,2,0
18,0,1,15,1,1,1,4,2,1,1,0,0,0,0,0,1,1,1,0,3,5,2,1,1,3,10
14,0,1,15,1,1,1,4,3,1,3,0,0,1,0,1,1,1,1,0,5,4,3,1,1,4,2
12,0,1,15,1,1,1,4,4,1,1,0,0,1,1,1,1,1,1,0,4,3,3,1,3,5,2
11,0,1,15,1,1,1,4,4,1,1,0,0,1,0,0,0,1,1,1,5,4,3,2,4,5,8
13,0,1,16,0,0,0,4,4,2,3,0,0,1,0,1,1,1,1,1,2,4,3,1,1,5,7
12,0,1,16,0,0,1,2,1,2,1,0,0,0,0,1,0,1,0,0,3,3,2,1,3,3,0
11,0,1,16,0,0,1,2,2,3,1,0,0,0,0,0,0,1,0,0,4,2,2,1,2,3,2
10,0,1,16,0,0,1,3,3,1,1,0,0,1,0,1,1,1,1,0,4,3,2,3,4,5,8
11,0,1,16,0,0,1,4,2,1,1,0,0,1,0,1,1,1,1,1,4,3,3,3,4,3,10
11,0,1,16,0,0,1,4,3,2,1,0,1,1,0,1,0,1,1,0,3,3,3,1,1,4,2
15,0,1,16,0,0,1,4,4,1,1,0,0,0,1,1,1,1,1,0,3,5,5,2,5,4,8
12,0,1,16,0,1,1,3,3,3,1,0,0,1,1,1,1,1,1,0,3,3,4,3,5,3,8
11,0,1,16,1,0,1,0,2,1,1,0,0,0,1,0,0,1,1,0,4,3,2,2,4,5,0
18,0,1,16,1,0,1,1,0,2,2,0,0,1,1,1,1,1,1,1,4,3,2,1,1,3,2
11,0,1,16,1,0,1,1,2,1,1,0,0,1,1,1,1,1,1,1,3,3,3,1,2,3,2
16,0,1,16,1,0,1,2,1,3,1,0,0,0,0,0,1,1,1,0,4,3,3,1,1,4,6
11,0,1,16,1,0,1,2,2,1,2,0,0,0,0,0,1,0,1,0,4,3,5,2,4,4,4
11,0,1,16,1,0,1,2,2,2,2,1,0,0,1,1,0,1,1,0,4,4,2,1,1,3,12
12,0,1,16,1,0,1,2,3,2,1,0,0,0,0,0,1,1,1,0,5,3,3,1,1,3,0
14,0,1,16,1,0,1,3,1,1,1,0,0,0,0,1,1,1,0,0,5,3,2,2,2,5,2
11,0,1,16,1,0,1,3,1,2,4,0,0,1,1,0,1,1,1,0,4,3,2,1,1,5,0
12,0,1,16,1,0,1,3,2,2,3,0,0,0,0,1,1,1,1,1,5,3,3,1,3,2,10
12,0,1,16,1,0,1,3,2,1,1,0,0,1,1,0,0,1,1,0,5,4,3,1,1,5,0
10,0,1,16,1,0,1,3,3,3,2,0,1,1,0,0,0,1,1,0,5,3,3,1,3,2,6
1,0,1,16,1,0,1,3,3,1,2,1,0,1,1,0,1,1,1,1,4,5,5,4,4,5,4
15,0,1,16,1,0,1,3,3,2,1,0,0,0,0,1,1,1,1,0,5,4,2,1,1,5,0
14,0,1,16,1,0,1,3,3,1,3,0,0,1,0,1,1,1,1,0,5,3,3,1,1,5,2
13,0,1,16,1,0,1,3,3,1,3,0,0,1,0,1,1,1,1,0,5,3,3,1,1,5,2
14,0,1,16,1,0,1,3,3,1,2,0,0,0,1,1,1,1,1,1,4,2,3,1,2,3,2
13,0,1,16,1,0,1,3,3,1,2,0,0,0,1,1,1,1,1,1,4,2,3,1,2,3,2
10,0,1,16,1,0,1,3,4,3,1,2,0,1,0,1,0,1,1,0,3,4,5,2,4,2,0
17,0,1,16,1,0,1,4,3,1,4,0,0,0,0,1,1,1,1,0,4,2,2,1,1,2,4
11,0,1,16,1,0,1,4,3,1,2,0,0,1,1,1,1,1,1,0,3,4,3,2,3,3,10
13,0,1,16,1,0,1,4,4,1,1,0,0,1,0,1,1,1,1,0,3,4,4,1,4,5,18
14,0,1,16,1,0,1,4,4,1,2,0,0,1,1,1,1,1,1,0,4,2,4,2,4,1,2
15,0,1,16,1,0,1,4,4,1,1,0,0,0,0,1,1,1,1,0,5,3,2,1,2,5,0
13,0,1,16,1,0,1,4,4,1,1,0,0,0,0,1,1,1,1,0,5,3,2,1,2,5,0
8,0,1,16,1,0,1,4,4,1,1,0,1,1,1,1,1,1,1,0,4,5,5,5,5,4,14
16,0,1,16,1,0,1,4,4,1,3,0,0,1,0,1,1,1,1,1,4,4,3,1,1,4,0
14,0,1,16,1,0,1,4,4,1,1,0,0,1,0,0,1,0,1,1,3,3,2,2,1,5,0
8,0,1,16,1,0,1,4,4,1,1,0,0,1,0,0,1,0,1,1,3,3,2,2,1,5,0
14,0,1,16,1,0,1,4,4,1,2,0,0,1,0,1,1,1,1,0,5,4,4,1,2,5,2
8,0,1,16,1,0,1,4,4,1,2,0,0,1,0,1,1,1,1,0,5,4,4,1,2,5,2
12,0,1,16,1,0,1,4,4,1,2,0,0,1,1,1,1,1,1,1,4,4,5,5,5,5,16
13,0,1,16,1,1,0,3,4,1,2,0,1,1,0,1,1,1,1,0,5,3,3,1,1,5,4
10,0,1,16,1,1,0,4,4,1,2,0,0,1,0,0,1,1,0,0,4,1,3,3,5,5,18
9,0,1,16,1,1,1,1,1,2,2,0,0,1,1,0,1,1,1,0,3,4,2,1,1,5,18
10,0,1,16,1,1,1,1,1,1,2,1,0,0,0,0,1,1,0,1,4,4,4,1,3,5,0
10,0,1,16,1,1,1,2,1,1,1,1,0,0,0,1,1,1,0,1,4,4,4,3,5,5,6
16,0,1,16,1,1,1,2,1,1,2,0,0,0,1,1,1,1,1,1,4,2,3,1,2,5,0
13,0,1,16,1,1,1,2,2,1,2,0,0,0,0,0,1,1,1,0,4,4,4,1,1,3,0
10,0,1,16,1,1,1,2,2,2,2,0,0,1,0,1,1,1,1,0,5,4,4,2,4,5,0
11,0,1,16,1,1,1,2,2,2,1,2,0,1,0,1,1,1,1,0,2,3,3,2,2,2,8
14,0,1,16,1,1,1,4,2,1,2,0,0,0,0,1,1,1,1,0,4,5,1,1,3,5,2
12,0,1,16,1,1,1,4,3,1,1,0,0,0,1,1,1,1,1,0,3,1,3,1,3,5,4
13,0,1,16,1,1,1,4,3,1,2,0,0,1,1,1,1,1,1,0,5,4,2,1,2,5,10
15,0,1,16,1,1,1,4,3,1,1,0,0,0,0,1,0,1,1,0,5,4,5,1,1,3,0
18,0,1,17,0,0,1,1,2,1,2,0,0,1,1,1,0,1,0,1,3,5,2,2,2,1,2
10,0,1,17,0,0,1,1,2,1,2,0,0,0,0,0,1,1,0,0,3,1,3,1,5,3,4
11,0,1,17,0,0,1,1,3,3,2,1,0,1,0,1,1,1,1,0,5,2,4,1,4,5,20
13,0,1,17,0,0,1,2,1,1,1,0,0,0,0,0,0,1,1,0,4,4,2,2,4,5,0
13,0,1,17,0,0,1,2,2,2,2,0,0,1,1,1,1,1,1,0,4,5,2,1,1,1,4
10,0,1,17,0,0,1,2,2,4,1,0,0,1,0,0,1,1,1,0,4,4,5,5,5,4,8
10,0,1,17,0,0,1,3,4,3,2,0,0,0,0,0,1,1,0,0,5,4,5,2,4,5,0
12,0,1,17,0,1,0,4,4,2,2,0,0,1,1,0,1,1,1,0,3,3,3,2,3,4,2
8,0,1,17,0,1,1,1,1,4,2,3,0,0,0,1,1,0,0,1,5,3,5,1,5,5,0
10,0,1,17,0,1,1,1,2,1,1,0,0,0,0,0,1,1,0,0,2,2,2,3,3,5,8
9,0,1,17,0,1,1,2,1,2,1,2,0,0,0,1,1,0,1,1,3,3,2,2,2,5,0
12,0,1,17,1,0,1,1,1,1,2,0,0,0,1,0,0,1,1,0,4,3,3,1,2,4,2
12,0,1,17,1,0,1,1,2,2,2,0,0,0,1,1,0,1,1,0,4,4,4,4,5,5,12
10,0,1,17,1,0,1,2,1,1,1,3,0,1,0,0,1,1,1,0,5,4,5,1,2,5,0
6,0,1,17,1,0,1,2,1,1,1,3,0,1,0,0,1,1,1,0,5,4,5,1,2,5,0
10,0,1,17,1,0,1,2,1,2,1,3,1,1,0,1,1,0,1,0,4,5,1,1,1,3,2
6,0,1,17,1,0,1,2,1,2,1,3,1,1,0,1,1,0,1,0,4,5,1,1,1,3,2
13,0,1,17,1,0,1,2,3,2,1,0,0,0,0,0,1,1,1,0,5,2,2,1,1,2,4
14,0,1,17,1,0,1,3,1,1,2,0,0,0,1,1,1,1,1,1,5,4,4,3,4,5,2
7,0,1,17,1,0,1,3,2,1,1,3,0,1,0,1,1,1,1,0,5,5,5,2,4,5,16
15,0,1,17,1,0,1,3,3,1,1,0,0,1,1,0,1,1,1,0,4,4,3,1,3,5,4
10,0,1,17,1,0,1,3,3,1,2,0,0,0,0,1,0,1,1,0,4,3,4,1,4,4,4
17,0,1,17,1,0,1,3,3,1,1,0,0,0,0,1,0,1,1,0,4,3,5,3,5,5,3
14,0,1,17,1,0,1,3,3,1,2,0,0,1,0,1,1,1,1,1,4,3,4,2,3,4,12
13,0,1,17,1,0,1,4,3,1,2,0,0,1,0,1,1,1,1,1,5,2,3,1,1,2,4
14,0,1,17,1,0,1,4,4,1,1,0,0,0,0,0,1,1,1,0,5,2,3,1,2,5,4
13,0,1,17,1,0,1,4,4,1,2,0,1,1,0,1,1,1,1,1,4,5,5,1,3,2,14
13,0,1,17,1,1,0,3,2,1,1,1,0,0,0,0,1,1,1,0,4,4,4,3,4,3,19
10,0,1,17,1,1,0,4,1,2,1,0,0,0,1,1,1,1,1,1,4,5,4,2,4,5,30
10,0,1,17,1,1,1,1,1,2,1,1,0,1,0,1,1,1,1,0,4,4,4,1,2,5,2
16,0,1,17,1,1,1,2,2,1,2,0,0,0,1,1,0,1,1,1,4,4,2,5,5,4,4
11,0,1,17,1,1,1,2,3,1,2,0,0,1,1,0,0,1,1,0,5,3,3,1,3,3,2
15,0,1,17,1,1,1,4,3,2,2,0,0,0,0,1,1,1,1,1,2,5,5,1,4,5,14
11,0,1,17,1,1,1,4,3,2,2,0,0,0,1,1,1,1,1,0,4,4,4,4,4,4,4
13,0,1,17,1,1,1,4,4,2,1,0,0,0,1,0,1,1,1,0,4,1,1,2,2,5,0
12,0,1,17,1,1,1,4,4,1,2,0,0,1,1,0,1,1,1,1,5,3,5,4,5,3,13
10,0,1,17,1,1,1,4,4,1,2,0,0,1,1,1,1,1,1,0,4,4,4,1,3,5,0
12,0,1,18,0,0,1,3,2,1,3,0,0,0,0,1,0,1,0,0,5,3,2,1,1,3,1
17,0,1,18,0,0,1,4,3,1,3,0,0,0,0,0,1,1,1,1,5,3,2,1,2,4,9
16,0,1,18,0,1,0,3,4,2,2,0,0,1,1,1,1,1,1,0,4,2,5,3,4,1,13
15,0,1,18,0,1,1,3,2,2,3,0,0,1,1,1,1,1,1,0,5,4,2,1,1,4,8
10,0,1,18,0,1,1,3,3,1,2,1,0,1,0,0,1,1,1,1,4,3,3,1,3,5,8
16,0,1,18,1,0,1,2,1,1,2,0,0,0,0,1,1,1,1,0,5,2,4,1,2,4,8
6,0,1,18,1,0,1,2,1,1,1,1,0,0,0,0,0,0,1,0,3,2,5,2,5,5,4
15,0,1,18,1,0,1,2,1,1,3,0,0,0,1,1,1,1,1,0,4,2,4,1,3,2,6
10,0,1,18,1,0,1,2,2,2,2,0,0,1,1,0,1,1,1,0,3,3,3,5,5,4,0
8,0,1,18,1,0,1,2,2,1,2,1,0,0,0,0,1,0,1,0,5,5,4,3,5,2,0
11,0,1,18,1,0,1,2,2,1,2,1,0,1,1,1,1,1,1,0,4,4,4,2,4,5,15
7,0,1,18,1,0,1,3,2,2,1,1,0,0,0,0,1,0,1,0,4,4,5,2,4,5,0
14,0,1,18,1,0,1,4,2,1,2,0,0,1,1,1,1,1,1,1,5,4,5,1,3,5,10
16,0,1,18,1,0,1,4,2,1,2,0,0,1,1,1,1,1,1,1,4,3,2,1,4,5,11
11,0,1,18,1,0,1,4,3,1,2,0,0,1,1,0,0,1,1,0,4,3,2,1,1,3,2
14,0,1,18,1,0,1,4,3,1,3,0,0,1,1,0,1,1,1,1,5,4,5,2,3,5,0
13,0,1,18,1,0,1,4,4,1,3,0,0,0,0,1,1,1,1,0,4,3,3,2,2,3,3
13,0,1,18,1,0,1,4,4,2,1,0,0,0,1,1,1,1,1,0,3,2,4,1,4,3,22
12,0,1,18,1,0,1,4,4,2,1,0,0,0,1,1,1,1,1,0,3,2,4,1,4,3,22
13,0,1,18,1,0,1,4,4,1,2,1,0,1,0,1,1,1,1,0,4,3,3,2,2,2,0
12,0,1,18,1,0,1,4,4,1,2,1,0,1,0,1,1,1,1,0,4,3,3,2,2,2,0
17,0,1,18,1,1,0,4,4,1,2,0,0,1,1,1,1,1,1,0,5,4,3,1,1,2,9
11,0,1,18,1,1,1,2,1,4,2,0,1,1,1,1,1,1,1,1,4,3,2,4,5,3,14
12,0,1,18,1,1,1,2,2,1,4,0,0,1,0,1,1,1,1,0,4,5,5,2,4,5,2
10,0,1,18,1,1,1,3,3,1,2,1,0,1,1,0,1,1,1,0,3,2,4,2,4,4,13
17,0,1,18,1,1,1,3,4,1,2,0,0,0,0,1,1,1,1,1,4,3,3,1,3,5,11
10,0,1,18,1,1,1,4,3,2,1,0,0,0,1,1,1,1,1,0,4,2,3,1,2,1,8
17,0,1,18,1,1,1,4,4,1,1,0,0,1,1,0,1,1,1,1,1,4,2,2,2,1,5
11,0,1,19,0,0,1,3,3,1,2,1,0,0,0,1,1,1,0,1,4,5,3,1,2,5,0
11,0,1,19,1,0,1,3,2,1,1,3,0,1,0,0,1,0,1,1,4,5,4,1,1,4,0
14,0,1,19,1,1,0,4,3,1,2,0,0,1,0,0,1,1,1,0,4,3,1,1,1,1,12
15,0,1,20,1,0,0,3,2,1,1,0,0,0,0,1,1,1,0,0,5,5,3,1,1,5,0
5,0,1,22,1,0,1,3,1,1,1,3,0,0,0,0,0,0,1,1,5,4,5,5,5,1,16
9,1,0,17,0,0,1,1,1,3,1,1,0,1,1,0,1,1,1,1,5,2,1,1,2,1,0
9,1,0,17,0,0,1,1,2,1,1,0,0,0,0,1,1,1,1,0,3,5,5,1,3,1,14
13,1,0,17,0,0,1,1,2,2,2,0,0,0,0,0,0,1,0,0,3,2,2,1,2,3,0
9,1,0,17,0,0,1,3,1,1,2,0,0,1,1,1,0,1,1,0,4,5,4,2,3,1,17
12,1,0,17,0,0,1,4,4,2,2,0,0,1,1,1,1,1,1,0,4,3,3,1,2,5,4
12,1,0,17,1,0,1,2,2,1,3,0,0,0,0,1,1,1,0,1,3,4,3,1,1,3,8
15,1,0,17,1,1,0,3,2,2,2,0,0,0,0,0,1,1,0,1,1,2,3,1,2,5,2
15,1,0,17,1,1,1,4,4,1,2,0,0,1,1,1,1,1,1,1,2,3,4,1,1,1,0
12,1,0,18,0,0,1,1,1,4,3,0,0,0,0,0,1,1,1,0,4,3,2,1,2,4,2
15,1,0,18,0,0,1,2,2,2,3,0,0,0,1,0,1,1,0,0,5,3,3,1,3,4,2
10,1,0,18,0,0,1,4,4,3,1,0,0,1,1,1,1,1,1,1,4,4,3,2,2,5,7
17,1,0,18,0,1,1,4,4,2,3,0,0,0,0,0,1,1,1,0,5,4,4,1,1,1,0
14,1,0,18,0,1,1,4,4,1,2,0,0,0,1,1,1,1,1,0,5,4,3,3,4,2,4
7,1,0,18,1,0,1,1,1,2,2,1,0,0,0,1,1,1,0,0,1,1,1,1,1,5,0
9,1,0,18,1,0,1,1,1,2,2,1,0,0,0,1,1,1,0,0,1,1,1,1,1,5,0
10,1,0,18,1,0,1,2,3,2,1,0,0,1,1,0,1,1,1,1,5,2,3,1,2,4,0
16,1,0,18,1,0,1,3,3,1,2,0,0,0,1,0,1,1,1,1,4,1,3,1,2,1,0
10,1,0,18,1,0,1,3,3,1,2,0,0,1,0,0,1,1,0,1,5,3,4,1,1,5,0
13,1,0,18,1,0,1,3,3,2,2,0,0,1,0,0,1,1,1,1,4,3,2,1,3,3,0
18,1,0,18,1,1,1,1,1,2,3,0,0,0,0,0,1,1,1,0,5,3,2,1,1,4,0
16,1,0,18,1,1,1,3,1,1,2,0,0,1,1,0,1,1,1,0,4,3,4,1,1,1,0
10,1,0,19,0,0,1,2,3,1,3,1,0,0,0,1,0,1,1,0,5,4,2,1,2,5,0
11,1,1,17,0,0,1,4,3,2,2,0,0,1,1,1,0,1,1,1,4,5,5,1,3,2,4
16,1,1,17,1,0,1,2,3,2,2,0,0,0,0,1,1,1,1,0,4,4,3,1,1,3,2
10,1,1,17,1,0,1,3,3,2,2,0,0,1,1,0,1,1,1,0,4,5,4,2,3,3,2
10,1,1,17,1,1,1,3,1,2,1,0,0,0,0,0,0,1,1,0,2,4,5,3,4,2,3
9,1,1,18,0,0,1,1,3,2,2,0,0,1,1,0,1,1,0,0,3,3,4,2,4,3,4
11,1,1,18,0,0,1,3,2,2,1,1,0,1,0,0,0,1,1,0,2,5,5,5,5,5,10
10,1,1,18,0,1,1,1,2,3,1,0,0,1,1,1,1,0,1,1,4,3,3,2,3,3,3
11,1,1,18,0,1,1,3,2,3,1,0,0,0,0,0,0,1,1,0,4,4,1,3,4,5,0
19,1,1,18,1,0,1,4,4,1,2,0,0,0,1,1,0,1,1,0,3,2,4,1,4,2,4
14,1,1,18,1,1,1,1,1,2,1,0,0,0,0,0,0,1,1,1,3,3,2,1,2,3,4
9,1,1,18,1,1,1,1,3,1,1,1,0,0,0,0,1,0,1,1,4,3,3,2,3,3,7
16,1,1,18,1,1,1,4,4,2,3,0,0,0,1,0,1,1,1,1,4,2,2,2,2,5,0
10,1,1,19,0,0,1,1,1,3,1,1,0,1,0,0,1,1,1,0,4,4,4,3,3,5,4
11,1,1,19,0,0,1,1,1,3,2,3,0,0,0,0,1,1,1,0,5,4,4,3,3,2,8
